{
    "MAE": 1113.1359319445435,
    "MSE": 62935154.86305795,
    "RMSE": 7933.168021859738,
    "R2 Score": 0.004596059619683124
}